{
  "surveyName": "testi_4_chain",
  "surveyLabel": "Demo survey for forest inventory, with a chain",
  "surveyDescription": "This is following the Arena 'Template B' for Forest Inventory, with the following structure:\ncluster -- plot -- child entities (several)  ",
  "label": "processing chain",
  "selectedLanguage": "en",
  "selectedCycle": "2",
  "samplingDesign": true,
  "baseUnit": "plot",
  "baseUnitEntityKeys": [
    "cluster_id",
    "plot_id"
  ],
  "samplingStrategy": 3,
  "stratumAttribute": "cluster_stratum",
  "stratumAttributeCategory": "stratum",
  "stratumAttributeCategoryLevel": 1,
  "postStratificationAttribute": "",
  "areaWeightingMethod": false,
  "clusteringEntity": "",
  "clusteringEntityKeys": null,
  "categoryAttributeAncestors": [
    {
      "attribute": "cluster_district",
      "categoryName": "administrative_units",
      "categoryLevel": 2,
      "ancestors": [
        "cluster_province"
      ]
    }
  ],
  "resultVariables": [
    {
      "name": "tree_plot_area_",
      "entity": "tree",
      "entityPath": "cluster/plot/tree",
      "label": "tree_plot_area_ (C)",
      "areaBased": false,
      "type": "Q",
      "categoryName": "",
      "active": true,
      "decimalDigits": ""
    },
    {
      "name": "stump_plot_area_",
      "entity": "stump",
      "entityPath": "cluster/plot/stump",
      "label": "stump_plot_area_ (C)",
      "areaBased": false,
      "type": "Q",
      "categoryName": "",
      "active": true,
      "decimalDigits": ""
    },
    {
      "name": "deadwood_area_plot_area_",
      "entity": "deadwood_area",
      "entityPath": "cluster/plot/deadwood_area",
      "label": "deadwood_area_plot_area_ (C)",
      "areaBased": false,
      "type": "Q",
      "categoryName": "",
      "active": true,
      "decimalDigits": ""
    },
    {
      "name": "bamboo_plot_area_",
      "entity": "bamboo",
      "entityPath": "cluster/plot/bamboo",
      "label": "bamboo_plot_area_ (C)",
      "areaBased": false,
      "type": "Q",
      "categoryName": "",
      "active": true,
      "decimalDigits": ""
    },
    {
      "name": "regeneration_plot_area_",
      "entity": "regeneration",
      "entityPath": "cluster/plot/regeneration",
      "label": "regeneration_plot_area_ (C)",
      "areaBased": false,
      "type": "Q",
      "categoryName": "",
      "active": true,
      "decimalDigits": ""
    },
    {
      "name": "weight",
      "entity": "plot",
      "entityPath": "cluster/plot",
      "label": "weight (C)",
      "areaBased": false,
      "type": "Q",
      "categoryName": "",
      "active": true,
      "decimalDigits": ""
    },
    {
      "name": "tree_dbh_10cm",
      "entity": "tree",
      "entityPath": "cluster/plot/tree",
      "label": "Tree DBH 10cm classes (C)",
      "areaBased": false,
      "type": "C",
      "categoryName": "tree_dbh_10",
      "active": true
    },
    {
      "name": "tree_dead_alive",
      "entity": "tree",
      "entityPath": "cluster/plot/tree",
      "label": "Tree: Dead - Alive (C)",
      "areaBased": false,
      "type": "C",
      "categoryName": "dead_alive",
      "active": true
    },
    {
      "name": "tree_count",
      "entity": "tree",
      "entityPath": "cluster/plot/tree",
      "label": "Number of trees (C)",
      "areaBased": true,
      "type": "Q",
      "categoryName": "",
      "active": true,
      "decimalDigits": ""
    },
    {
      "name": "tree_basal_area",
      "entity": "tree",
      "entityPath": "cluster/plot/tree",
      "label": "Basal area (C)",
      "areaBased": true,
      "type": "Q",
      "categoryName": "",
      "active": true,
      "decimalDigits": ""
    },
    {
      "name": "tree_height_calc",
      "entity": "tree",
      "entityPath": "cluster/plot/tree",
      "label": "Tree height (estimated) (C)",
      "areaBased": false,
      "type": "Q",
      "categoryName": "",
      "active": true,
      "decimalDigits": ""
    },
    {
      "name": "tree_volume_stem",
      "entity": "tree",
      "entityPath": "cluster/plot/tree",
      "label": "Tree volume - stem (C)",
      "areaBased": true,
      "type": "Q",
      "categoryName": "",
      "active": true,
      "decimalDigits": ""
    },
    {
      "name": "tree_volume_bole",
      "entity": "tree",
      "entityPath": "cluster/plot/tree",
      "label": "Tree volume - bole (C)",
      "areaBased": true,
      "type": "Q",
      "categoryName": "",
      "active": true,
      "decimalDigits": ""
    },
    {
      "name": "tree_biomass_ag",
      "entity": "tree",
      "entityPath": "cluster/plot/tree",
      "label": "Above-ground biomass (Chave 2014) (C)",
      "areaBased": true,
      "type": "Q",
      "categoryName": "",
      "active": true,
      "decimalDigits": ""
    },
    {
      "name": "tree_biomass_ag_c2005",
      "entity": "tree",
      "entityPath": "cluster/plot/tree",
      "label": "Above-ground biomass (Chave 2005 + Default WD) (C)",
      "areaBased": true,
      "type": "Q",
      "categoryName": "",
      "active": false,
      "decimalDigits": ""
    },
    {
      "name": "tree_biomass_bg",
      "entity": "tree",
      "entityPath": "cluster/plot/tree",
      "label": "Below-ground biomass (C)",
      "areaBased": true,
      "type": "Q",
      "categoryName": "",
      "active": true,
      "decimalDigits": ""
    },
    {
      "name": "tree_biomass_total",
      "entity": "tree",
      "entityPath": "cluster/plot/tree",
      "label": "Biomass (AG+BG) (C)",
      "areaBased": true,
      "type": "Q",
      "categoryName": "",
      "active": true,
      "decimalDigits": ""
    },
    {
      "name": "tree_carbon_ag",
      "entity": "tree",
      "entityPath": "cluster/plot/tree",
      "label": "Above-ground carbon (C)",
      "areaBased": true,
      "type": "Q",
      "categoryName": "",
      "active": true,
      "decimalDigits": ""
    },
    {
      "name": "tree_carbon_bg",
      "entity": "tree",
      "entityPath": "cluster/plot/tree",
      "label": "Below-ground carbon (C)",
      "areaBased": true,
      "type": "Q",
      "categoryName": "",
      "active": true,
      "decimalDigits": ""
    },
    {
      "name": "tree_carbon_total",
      "entity": "tree",
      "entityPath": "cluster/plot/tree",
      "label": "Carbon (AG+BG) (C)",
      "areaBased": true,
      "type": "Q",
      "categoryName": "",
      "active": true,
      "decimalDigits": ""
    },
    {
      "name": "bamboo_count",
      "entity": "bamboo",
      "entityPath": "cluster/plot/bamboo",
      "label": "Number of bamboos (C)",
      "areaBased": true,
      "type": "Q",
      "categoryName": "",
      "active": true,
      "decimalDigits": ""
    },
    {
      "name": "bamboo_biomass_ag",
      "entity": "bamboo",
      "entityPath": "cluster/plot/bamboo",
      "label": "Above-ground biomass (C)",
      "areaBased": true,
      "type": "Q",
      "categoryName": "",
      "active": true,
      "decimalDigits": ""
    },
    {
      "name": "bamboo_biomass_bg",
      "entity": "bamboo",
      "entityPath": "cluster/plot/bamboo",
      "label": "Below-ground biomass (C)",
      "areaBased": true,
      "type": "Q",
      "categoryName": "",
      "active": true,
      "decimalDigits": ""
    },
    {
      "name": "bamboo_biomass_total",
      "entity": "bamboo",
      "entityPath": "cluster/plot/bamboo",
      "label": "Biomass (AG+BG) (C)",
      "areaBased": true,
      "type": "Q",
      "categoryName": "",
      "active": true,
      "decimalDigits": ""
    },
    {
      "name": "bamboo_carbon_ag",
      "entity": "bamboo",
      "entityPath": "cluster/plot/bamboo",
      "label": "Above-ground carbon (C)",
      "areaBased": true,
      "type": "Q",
      "categoryName": "",
      "active": true,
      "decimalDigits": ""
    },
    {
      "name": "bamboo_carbon_bg",
      "entity": "bamboo",
      "entityPath": "cluster/plot/bamboo",
      "label": "Below-ground carbon (C)",
      "areaBased": true,
      "type": "Q",
      "categoryName": "",
      "active": true,
      "decimalDigits": ""
    },
    {
      "name": "bamboo_carbon_total",
      "entity": "bamboo",
      "entityPath": "cluster/plot/bamboo",
      "label": "Carbon (AG+BG) (C)",
      "areaBased": true,
      "type": "Q",
      "categoryName": "",
      "active": true,
      "decimalDigits": ""
    },
    {
      "name": "dw_volume",
      "entity": "deadwood_area",
      "entityPath": "cluster/plot/deadwood_area",
      "label": "Deadwood volume  (C)",
      "areaBased": true,
      "type": "Q",
      "categoryName": "",
      "active": true,
      "decimalDigits": ""
    },
    {
      "name": "dw_biomass",
      "entity": "deadwood_area",
      "entityPath": "cluster/plot/deadwood_area",
      "label": "Deadwood biomass (C)",
      "areaBased": true,
      "type": "Q",
      "categoryName": "",
      "active": true,
      "decimalDigits": ""
    },
    {
      "name": "dw_carbon",
      "entity": "deadwood_area",
      "entityPath": "cluster/plot/deadwood_area",
      "label": "Deadwood carbon (C)",
      "areaBased": true,
      "type": "Q",
      "categoryName": "",
      "active": true,
      "decimalDigits": ""
    },
    {
      "name": "stump_count",
      "entity": "stump",
      "entityPath": "cluster/plot/stump",
      "label": "Number of stumps (C)",
      "areaBased": true,
      "type": "Q",
      "categoryName": "",
      "active": true,
      "decimalDigits": ""
    },
    {
      "name": "stump_dbh_estimated",
      "entity": "stump",
      "entityPath": "cluster/plot/stump",
      "label": "DBH (estimated) (C)",
      "areaBased": false,
      "type": "Q",
      "categoryName": "",
      "active": true,
      "decimalDigits": ""
    },
    {
      "name": "stump_volume",
      "entity": "stump",
      "entityPath": "cluster/plot/stump",
      "label": "Stump volume (C)",
      "areaBased": true,
      "type": "Q",
      "categoryName": "",
      "active": true,
      "decimalDigits": ""
    },
    {
      "name": "stump_biomass_ag",
      "entity": "stump",
      "entityPath": "cluster/plot/stump",
      "label": "Above-ground biomass (C)",
      "areaBased": true,
      "type": "Q",
      "categoryName": "",
      "active": true,
      "decimalDigits": ""
    },
    {
      "name": "stump_height_estimated",
      "entity": "stump",
      "entityPath": "cluster/plot/stump",
      "label": "Height (before felling) (C)",
      "areaBased": false,
      "type": "Q",
      "categoryName": "",
      "active": true,
      "decimalDigits": ""
    },
    {
      "name": "stump_biomass_ag_prefelling",
      "entity": "stump",
      "entityPath": "cluster/plot/stump",
      "label": "AG biomass (before felling) (C)",
      "areaBased": false,
      "type": "Q",
      "categoryName": "",
      "active": true,
      "decimalDigits": ""
    },
    {
      "name": "stump_agb_removal",
      "entity": "stump",
      "entityPath": "cluster/plot/stump",
      "label": "AG biomass removal (C)",
      "areaBased": true,
      "type": "Q",
      "categoryName": "",
      "active": true,
      "decimalDigits": ""
    },
    {
      "name": "stump_biomass_bg",
      "entity": "stump",
      "entityPath": "cluster/plot/stump",
      "label": "Below-ground biomass (C)",
      "areaBased": true,
      "type": "Q",
      "categoryName": "",
      "active": true,
      "decimalDigits": ""
    },
    {
      "name": "stump_biomass_total",
      "entity": "stump",
      "entityPath": "cluster/plot/stump",
      "label": "Biomass (AG+BG) (C)",
      "areaBased": true,
      "type": "Q",
      "categoryName": "",
      "active": true,
      "decimalDigits": ""
    },
    {
      "name": "stump_carbon_ag",
      "entity": "stump",
      "entityPath": "cluster/plot/stump",
      "label": "Above-ground carbon (C)",
      "areaBased": true,
      "type": "Q",
      "categoryName": "",
      "active": true,
      "decimalDigits": ""
    },
    {
      "name": "stump_carbon_bg",
      "entity": "stump",
      "entityPath": "cluster/plot/stump",
      "label": "Below-ground carbon (C)",
      "areaBased": true,
      "type": "Q",
      "categoryName": "",
      "active": true,
      "decimalDigits": ""
    },
    {
      "name": "stump_carbon_total",
      "entity": "stump",
      "entityPath": "cluster/plot/stump",
      "label": "Carbon (AG+BG) (C)",
      "areaBased": true,
      "type": "Q",
      "categoryName": "",
      "active": true,
      "decimalDigits": ""
    },
    {
      "name": "seedling_count",
      "entity": "regeneration",
      "entityPath": "cluster/plot/regeneration",
      "label": "Seedling count (C)",
      "areaBased": true,
      "type": "Q",
      "categoryName": "",
      "active": true,
      "decimalDigits": ""
    }
  ],
  "analysis": {
    "entity": "tree",
    "dimensions": [
      "cluster_province"
    ],
    "reportingMethod": "1",
    "clusteringVariances": false,
    "nonResponseBiasCorrection": false,
    "pValue": 0.95,
    "reportingArea": "100"
  }
}