"uuid","name","path","parentEntity","label_en","label_fr","label_es","description_en","description_fr","description_es","type","key","categoryName","parentCode","enumerator","taxonomyName","multiple","readOnly","fileType","maxFileSize","hiddenInForm","hiddenInMobile","includedInMultipleEntitySummary","allowOnlyDeviceCoordinate","relevantIf","hiddenWhenNotRelevant","itemsFilter","defaultValue","defaultValueApplyIf","defaultValueEvaluateOnce","required","unique","minCount","maxCount","validations","validation_message_en","validation_message_fr","validation_message_es","cycle"
"12b72014-fe60-4c57-a809-54b2b3550158","cluster","cluster","","CLUSTER","CLUSTER","CONGLOMERADO","This is the root entity","","","entity","false","","",NA,"","false","false","",NA,"false","false","false","false","","false","","","","false","false","false",NA,NA,"",NA,NA,NA,"1,2"
"fbf42204-fe2b-4360-aac1-ff4209ead153","cluster_id","cluster.cluster_id","cluster","Cluster ID","Cluster ID","Id del conglomerado","Cluster id (text) from the inventory plan.","","","text","true","","",NA,"","false","false","",NA,"false","false","false","false","","false","","","","false","true","false",NA,NA,"",NA,NA,NA,"1,2"
"7e435525-a934-4bd5-b350-614f54d26204","cluster_stratum","cluster.cluster_stratum","cluster","Stratum","Strate","Estrato","","","","code","false","stratum","",NA,"","false","false","",NA,"false","false","false","false","","false","","","","false","true","false",NA,NA,"",NA,NA,NA,"1,2"
"d28defe8-2128-4234-a1e9-ff11efe52d6a","stratum_area","cluster.stratum_area","cluster","Stratum area (ha)","","","","","","text","false","","",NA,"","false","true","",NA,"false","false","false","false","","false","","categoryItemProp('stratum','area',cluster_stratum)","","false","false","false",NA,NA,"",NA,NA,NA,"2"
"ce6acff4-b006-4fc3-aff4-19556c78a2e1","cluster_accessibility","cluster.cluster_accessibility","cluster","Accessibility","Accessibilité","Accesibilidad","Cluster accessibility ","","","code","false","accessibility","",NA,"","false","false","",NA,"false","false","false","false","","true","","""0""","","true","true","false",NA,NA,"",NA,NA,NA,"1,2"
"bd8051eb-3ad7-49c3-9edb-3c88ae57f98f","cluster_accessibility_90","cluster.cluster_accessibility_90","cluster","Reason for inaccessibility","Accessibilité specify","Accesibilidad specify","","","","text","false","","",NA,"","false","false","",NA,"false","false","false","false","cluster_accessibility == ""99""","true","","","","false","false","false",NA,NA,"",NA,NA,NA,"1,2"
"c68ac744-ce70-4439-baa8-1621a7725fd6","cluster_date_time","cluster.cluster_date_time","cluster","Date & Time","Date & Heure","Fecha & Hora","","","","entity","false","","",NA,"","false","false","",NA,"false","false","false","false","","false","","","","false","true","false",NA,NA,"",NA,NA,NA,"1,2"
"489c8023-9fdf-4265-945e-4d38ff37eca5","cluster_detail","cluster.cluster_detail","cluster","Details (cluster)","Détails (cluster)","Detalles (conglomerado)","","","","entity","false","","",NA,"","false","false","",NA,"false","false","false","false","cluster_accessibility == ""0""","true","","","","false","true","false",NA,NA,"",NA,NA,NA,"1,2"
"3498fb59-bf40-464e-8e06-8d2b93ee12a5","plot","cluster.plot","cluster","PLOT","PARCELLE","PARCELA","Plot Form includes the general data about the plot properties and information on its location and access. Regardless of accessibility, each plot is expected to have a Plot Form if the cluster is accessible.","","","entity","false","","",NA,"","true","false","",NA,"false","false","false","false","cluster_accessibility=='0'
","true","","","","false","false","false",1,4,"",NA,NA,NA,"1,2"
"cbcc3e98-1b20-4af3-948a-ee231a3e12d4","cluster_deadwood_transect","cluster.cluster_deadwood_transect","cluster","DEADWOOD TRANSECT (cluster)","TRANSECT DU BOIS MORT (cluster)","TRANSECTO DE MADERA MUERTA (conglomerado)","This entity is for cases where transects belong to a cluster","","","entity","false","","",NA,"","true","false","",NA,"false","false","false","false","cluster_accessibility=='0'
","true","","","","false","false","false",NA,NA,"",NA,NA,NA,"1,2"
"5a5fb060-fed7-4e31-b187-eb7083dca43a","cluster_date_start","cluster.cluster_date_time.cluster_date_start","cluster_date_time","Start date","Date de début","Fecha de Inicio","Date when work in the cluster started","","","date","false","","",NA,"","false","false","",NA,"false","false","false","false","","false","","now()
","","false","true","false",NA,NA,"",NA,NA,NA,"1,2"
"7043a018-9fb9-4497-ae3e-8c64abc3adec","cluster_time_start","cluster.cluster_date_time.cluster_time_start","cluster_date_time","Start time","Heure de début","Hora de Inicio","Time when leaving the vehicle, boat or camp to access the cluster by foot","","","time","false","","",NA,"","false","false","",NA,"false","false","false","false","","false","","now()
","","false","true","false",NA,NA,"",NA,NA,NA,"1,2"
"60f71b51-36bb-417d-b150-c7bde9242730","cluster_date_end","cluster.cluster_date_time.cluster_date_end","cluster_date_time","End date","Date de fin","Fecha de finalización","","","","date","false","","",NA,"","false","false","",NA,"false","false","false","false","","false","","","","false","false","false",NA,NA,"",NA,NA,NA,"1,2"
"ae9d9ab1-6b3e-4955-88be-882b02548f18","cluster_time_end","cluster.cluster_date_time.cluster_time_end","cluster_date_time","End time","Heure de fin","Hora de finalización","Time of returning to vehicle, boat or camp by foot. This information can also be recorded on the plot form","","","time","false","","",NA,"","false","false","",NA,"false","false","false","false","","false","","","","false","false","false",NA,NA,"",NA,NA,NA,"1,2"
"63cff3bb-1fc7-4eed-ae86-a22a13401178","cluster_permanent_sample","cluster.cluster_detail.cluster_permanent_sample","cluster_detail","Permanent Sample Plots?","Des parcelles d'échantillonnage permanentes ?","Parcelas de muestreo permanentes?","","","","boolean","false","","",NA,"","false","false","",NA,"false","false","false","false","","false","","false","","true","false","false",NA,NA,"",NA,NA,NA,"1,2"
"a9f6541c-0781-4258-8e34-c3afcaa13937","cluster_province","cluster.cluster_detail.cluster_province","cluster_detail","Province","Province","Provincia"," ","","","code","false","administrative_units","",NA,"","false","false","",NA,"false","false","false","false","","false","","","","false","true","false",NA,NA,"",NA,NA,NA,"1,2"
"54088a0b-7b63-49af-88b2-c43ea2288f7c","cluster_district","cluster.cluster_detail.cluster_district","cluster_detail","District","District","Municipalidad/Cantón","","","","code","false","administrative_units[level_2]","cluster_province",NA,"","false","false","",NA,"false","false","false","false","","false","","","","false","false","false",NA,NA,"",NA,NA,NA,"1,2"
"033d785c-003c-4ac5-8a1a-8770ef1cd703","cluster_village","cluster.cluster_detail.cluster_village","cluster_detail","Village","Village","Caserío/Pueblo/Aldea","","","","text","false","","",NA,"","false","false","",NA,"false","false","false","false","","false","","","","false","false","false",NA,NA,"",NA,NA,NA,"1,2"
"128abd3e-911a-4bcc-9184-e56b8a042dfb","cluster_crew_id","cluster.cluster_detail.cluster_crew_id","cluster_detail","Crew ID","ID de l'équipage","Id del equipo","","","","code","false","teams","",NA,"","false","false","",NA,"false","false","false","false","","false","","","","false","true","false",NA,NA,"",NA,NA,NA,"1,2"
"013cfcfd-570f-4380-b97f-a1b6d735200c","cluster_crew_leader","cluster.cluster_detail.cluster_crew_leader","cluster_detail","Team leader","Chef d'équipe","Lider del equipo","","","","code","false","core_crew","",NA,"","false","false","",NA,"false","false","false","false","","false","this.status == ""show""","","","false","true","false",NA,NA,"",NA,NA,NA,"1,2"
"5756a61f-3712-4802-b3f0-0d386b9b04a4","cluster_gps_receiver","cluster.cluster_detail.cluster_gps_receiver","cluster_detail","GPS model","Modèle GPS","Modelo de GPS","GPS Model: brand name and type","","","code","false","gps_model","",NA,"","false","false","",NA,"false","false","false","false","","false","","""1""","","false","false","false",NA,NA,"",NA,NA,NA,"1,2"
"c365e699-732b-441f-a850-fde49ec3f53d","cluster_starting_position","cluster.cluster_detail.cluster_starting_position","cluster_detail","Starting Position","Position de départ","Ubicación inicial","GPS reading (decimal degrees)
GPS Y Latitude coordinate (6 digits)
GPS X Longitude coordinate (6 digits)","","","coordinate","false","","",NA,"","false","false","",NA,"false","false","false","true","","false","","","","false","false","false",NA,NA,"",NA,NA,NA,"1,2"
"88a6ab7a-7053-4570-9f91-9c821eef0194","cluster_remark","cluster.cluster_detail.cluster_remark","cluster_detail","Remarks (cluster)","Remarques (cluster)","Notas (Conglomerado)","Additional remarks and notices about the cluster or access to it.","","","text","false","","",NA,"","false","false","",NA,"false","false","false","false","","false","","","","false","false","false",NA,NA,"",NA,NA,NA,"1,2"
"6393cf40-5b07-4e1d-901c-38db3120f85a","plot_id","cluster.plot.plot_id","plot","Plot ID","ID de la parcelle","ID de parcela","","","","code","true","plot_list","",NA,"","false","false","",NA,"false","false","false","false","","false","","","","false","true","false",NA,NA,"",NA,NA,NA,"1,2"
"9fb18280-7f0b-426a-8ecf-9f35b96aa221","plot_stratum","cluster.plot.plot_stratum","plot","Stratum (plot)","Strate (parcelle)","Estrato (parcela)","","","","code","false","stratum","",NA,"","false","false","",NA,"false","false","false","false","","false","","","","false","false","false",NA,NA,"",NA,NA,NA,"2"
"a5e44df5-4fb6-4a97-96bb-b95b08004f15","plot_accessibility","cluster.plot.plot_accessibility","plot","Accessibility","Accessibilité","Accesibilidad","Plot accessibility","","","code","false","accessibility","",NA,"","false","false","",NA,"false","false","false","false","","false","","""0""","","false","true","false",NA,NA,"",NA,NA,NA,"1,2"
"def2ed83-e791-4620-b28a-2d73d20cbe59","plot_accessibility_90","cluster.plot.plot_accessibility_90","plot","Accessibility specify","Accessibilité specify","Accesibilidad specify","","","","text","false","","",NA,"","false","false","",NA,"false","false","false","false","plot_accessibility == ""90""","false","","","","false","false","false",NA,NA,"",NA,NA,NA,"1,2"
"c3de9b54-6d42-4235-83c2-df8016d84cbb","plot_date_start","cluster.plot.plot_date_start","plot","Start date","Date de début","Fecha de inicio","Date when measurements on the plot are conducted","","","date","false","","",NA,"","false","false","",NA,"false","false","false","false","","false","","now()
","","true","true","false",NA,NA,"",NA,NA,NA,"1,2"
"246d7a7f-95f3-49fb-a690-c4553a402246","plot_time_start","cluster.plot.plot_time_start","plot","Start time","Heure de début","Hora de inicio","Time when team arrives at the plot","","","time","false","","",NA,"","false","false","",NA,"false","false","false","false","","false","","now()
","","false","true","false",NA,NA,"",NA,NA,NA,"1,2"
"ddc01963-e616-4073-b559-be618a1543d6","plot_detail","cluster.plot.plot_detail","plot","Details","Détails","Detalles","General plot information","","","entity","false","","",NA,"","false","false","",NA,"false","false","false","false","plot_accessibility=='0'
","false","","","","false","true","false",NA,NA,"",NA,NA,NA,"1,2"
"617a820c-0144-459d-8cfa-72087579e8a8","plot_landuse_tenure","cluster.plot.plot_landuse_tenure","plot","Land use and Tenure","Utilisation des terres","Uso de la tierra y tenencia","Land use and tenure in the plot","","","entity","false","","",NA,"","false","false","",NA,"false","false","false","false","","false","","","","false","false","false",NA,NA,"",NA,NA,NA,"1,2"
"4f6e06ec-3aaf-49cb-8f21-c90635e72649","plot_canopy","cluster.plot.plot_canopy","plot","Canopy closure","Fermeture de la canopée","Cobertura del dosel","Record 5 measurements; at Center of plot and at 10m radius for N, E, S and W. Only in Forest Land.","","","entity","false","","",NA,"","true","false","",NA,"false","false","false","false","plot_landuse_tenure.plot_landuse=='1' && plot_accessibility=='0'
","false","","","","false","false","false",5,5,"",NA,NA,NA,"1,2"
"67415096-a488-4f84-a0e5-c3946bf0fd77","plot_disturbance","cluster.plot.plot_disturbance","plot","Disturbances","Perturbations","Perturbaciones","Record max. 2 natural and max. 2 human disturbances","","","entity","false","","",NA,"","true","false","",NA,"false","false","false","false","plot_accessibility=='0' || plot_accessibility=='90'
","false","","","","false","false","false",0,4,"",NA,NA,NA,"1,2"
"f5211040-b265-406d-b57f-f49afd76ac82","regeneration","cluster.plot.regeneration","plot","SEEDLING","SEMIS","PLÁNTULA","Set in your criteria for regeneration","","","entity","false","","",NA,"","true","false","",NA,"false","false","false","false","plot_accessibility=='0'
","false","","","","false","false","false",NA,NA,"",NA,NA,NA,"1,2"
"00b0ca15-84fd-49e1-8204-d924cd868185","tree","cluster.plot.tree","plot","TREE","ARBRE","ÁRBOL","Tree data","","","entity","false","","",NA,"","true","false","",NA,"false","false","false","false","plot_accessibility=='0'
","false","","","","false","false","false",NA,NA,"",NA,NA,NA,"1,2"
"d176f3de-9c41-4a16-8d56-3571b660f946","stump","cluster.plot.stump","plot","STUMP","SOUCHE","TOCÓN","Stump min. diameter: 10 cm,
Max. height 2.5 m, otherwise record as (broken top) dead standing tree","","","entity","false","","",NA,"","true","false","",NA,"false","false","false","false","plot_accessibility=='0'
","false","","","","false","false","false",NA,NA,"",NA,NA,NA,"1,2"
"ee5cf7ff-da96-4a99-8e0b-14cde35e66f7","deadwood_area","cluster.plot.deadwood_area","plot","LYING DEAD WOOD (plot)","BOIS MORT (parcelle)","MADERA MUERTA (parcela)","Plot radius: 15 m, 
Min. diam.: 10 cm, 
Min. dead wood piece lenght: 1 m","","","entity","false","","",NA,"","true","false","",NA,"false","false","false","false","plot_accessibility=='0'
","false","","","","false","false","false",NA,NA,"",NA,NA,NA,"1,2"
"9b7dceb8-64f4-4888-aed8-3de0782a6751","bamboo","cluster.plot.bamboo","plot","BAMBOO (clump)","BAMBOU (tige)","BAMBÚ (tallo)","Record all bamboos if clump's center point is located in plot.","","","entity","false","","",NA,"","true","false","",NA,"false","false","false","false","plot_accessibility=='0'
","false","","","","false","false","false",NA,NA,"",NA,NA,NA,"1,2"
"458860ab-0ba5-40ed-8470-c8a8b18c0acf","shrub","cluster.plot.shrub","plot","SHRUB","ARBUSTE","ARBUSTO","Set in your criteria for shrubs","","","entity","false","","",NA,"","true","false","",NA,"false","false","false","false","plot_accessibility=='0'
","false","","","","false","false","false",0,NA,"",NA,NA,NA,"1,2"
"ea585f23-c633-4037-acd3-37e86005b573","plot_end_data","cluster.plot.plot_end_data","plot","Remarks and End date","Remarques, Date de fin","Notas, Fecha de finalización","","","","entity","false","","",NA,"","false","false","",NA,"false","false","false","false","","false","","","","false","true","false",NA,NA,"",NA,NA,NA,"1,2"
"9c20d357-9c21-430d-bfa7-c7276e464e5a","cluster_transect_no","cluster.cluster_deadwood_transect.cluster_transect_no","cluster_deadwood_transect","DW No.","Nbre Bois mort","Nro. residuo leñoso","","","","integer","true","","",NA,"","false","false","",NA,"false","false","false","false","","false","","","","false","true","false",NA,NA,"",NA,NA,NA,"1,2"
"9d1089bc-31a4-4e59-a768-1834b0e23cae","cluster_transect_diameter","cluster.cluster_deadwood_transect.cluster_transect_diameter","cluster_deadwood_transect","Diameter (cm)","Diamètre (cm)","Diámetro (cm)","Diameter of stem or wood piece","","","decimal","false","","",NA,"","false","false","",NA,"false","false","false","false","","false","","","","false","true","false",NA,NA,"",NA,NA,NA,"1,2"
"2962be65-6090-427b-bb72-2d4f8d044d46","cluster_transect_decay","cluster.cluster_deadwood_transect.cluster_transect_decay","cluster_deadwood_transect","Decay","Pourriture","Descomposición","","","","code","false","deadwood_decay","",NA,"","false","false","",NA,"false","false","false","false","","false","","","","false","true","false",NA,NA,"",NA,NA,NA,"1,2"
"339105f6-f7a6-4f78-9fa5-4baf36461d3d","plot_recorder","cluster.plot.plot_detail.plot_recorder","plot_detail","Recorder","Enregistreur","Registrador / anotador","Name of the person that records data in the plot","","","code","false","core_crew","",NA,"","false","false","",NA,"false","false","false","false","","false","","","","false","true","false",NA,NA,"",NA,NA,NA,"1,2"
"6f0a82a6-b8ef-455a-a9f4-2577e2a10c9b","plot_measured_location","cluster.plot.plot_detail.plot_measured_location","plot_detail","GPS reading location","Localisation des relevés GPS","Lectura de ubicación GPS","GPS reading (decimal degrees), 
GPS Y Latitude coordinate (6 digits), 
GPS X Longitude coordinate (6 digits), 
* Use averaging function, if available!","","","coordinate","false","","",NA,"","false","false","",NA,"false","false","false","false","","false","","","","false","true","false",NA,NA,"(error) Expression: plot_measured_location.y<60",NA,NA,NA,"1,2"
"5bf83a9b-cee6-4264-90cd-f96c33abc3a8","plot_elevation","cluster.plot.plot_detail.plot_elevation","plot_detail","Elevation (m)","Élévation (m)","Elevación (m)","","","","integer","false","","",NA,"","false","false","",NA,"false","false","false","false","","false","","","","false","false","false",NA,NA,"",NA,NA,NA,"1,2"
"a6d17a79-e48f-4c45-a469-cc6bd131780a","plot_topo_position","cluster.plot.plot_detail.plot_topo_position","plot_detail","Topographic Position","Position topographique","Posición topográfica","","","","code","false","topographic_position","",NA,"","false","false","",NA,"false","false","false","false","","false","","","","false","false","false",NA,NA,"",NA,NA,NA,"1,2"
"eb166b5a-8fc7-4dd0-841e-90e775a8509e","plot_slope","cluster.plot.plot_detail.plot_slope","plot_detail","Slope Angle (degree)","Angle de la pente (degré)","Ángulo de la pendiente (grados)","- down, + up","","","integer","false","","",NA,"","false","false","",NA,"false","false","false","false","","false","","","","false","true","false",NA,NA,"(error) Expression: plot_slope < 200 && plot_slope >= -200",NA,NA,NA,"1,2"
"2e60d288-d126-4197-9f6c-aff0ef003bea","slope_direction","cluster.plot.plot_detail.slope_direction","plot_detail","Slope azimuth (degree)","Direction de la pente","Dirección de la pendiente","Azimuth direction (0 - 360 degrees)","","","integer","false","","",NA,"","false","false","",NA,"false","false","false","false","plot_slope!=0 && plot_slope
","false","","","","false","true","false",NA,NA,"(error) Expression: slope_direction <= 359 && slope_direction >= 0",NA,NA,NA,"1,2"
"23d68a46-2911-438a-bcf2-280829107978","plot_slopecorrection","cluster.plot.plot_detail.plot_slopecorrection","plot_detail","Slope correction done?","La correction pente est-elle faite ?","¿Se ha hecho corrección de pendiente?","Tick YES if slope correction is done in plot. Apply is slope >=5 degrees","","","boolean","false","","",NA,"","false","false","",NA,"false","false","false","false","(plot_slope>=5 || plot_slope<=-5) && plot_slope==true
","false","","false","","true","false","false",NA,NA,"",NA,NA,NA,"1,2"
"60f8e560-28bd-407d-9819-32923a339446","plot_audio_rec","cluster.plot.plot_detail.plot_audio_rec","plot_detail","Plot image","Enregistrement audio de la parcelle","Registro grabación de audio de la parcela","Explanation of access to the plot, key features","","","file","false","","",NA,"","false","false","image",10,"false","false","false","false","","false","","","","false","false","false",NA,NA,"",NA,NA,NA,"1,2"
"4f8934dc-af8b-4e68-bb8e-d008ef61aafb","plot_landuse","cluster.plot.plot_landuse_tenure.plot_landuse","plot_landuse_tenure","Land Use","L'utilisation des terres","Uso de la tierra","","","","code","false","land_use","",NA,"","false","false","",NA,"false","false","false","false","","false","","","","false","true","false",NA,NA,"",NA,NA,NA,"1,2"
"ce89a2d1-fe92-4fd2-87a1-b22c51e85d4c","plot_forest_type","cluster.plot.plot_landuse_tenure.plot_forest_type","plot_landuse_tenure","Forest Type","Type de forêt","Tipo de bosque","","","","code","false","forest_type","",NA,"","false","false","",NA,"false","false","false","false","plot_landuse=='1'
","false","","","","false","true","false",NA,NA,"",NA,NA,NA,"1,2"
"955006d5-7384-4262-a1f2-d34597e2c002","plot_forest_status","cluster.plot.plot_landuse_tenure.plot_forest_status","plot_landuse_tenure","Forest Status","Statut de la forêt","Estado de salud del bosque","","","","code","false","forest_status","",NA,"","false","false","",NA,"false","false","false","false","plot_landuse=='1'
","false","","""4""","plot_forest_type=='FP'
","false","true","false",NA,NA,"",NA,NA,NA,"1,2"
"c63861f2-ec4e-46fc-92e1-9a2abeb8befb","plot_planting_year","cluster.plot.plot_landuse_tenure.plot_planting_year","plot_landuse_tenure","Planting Year","Année de plantation","Año de plantación","in case of Forest Plantation","","","integer","false","","",NA,"","false","false","",NA,"false","false","false","false","plot_forest_type=='FP'
","false","","","","false","false","false",NA,NA,"",NA,NA,NA,"1,2"
"3510d853-8ce1-484f-ab63-cfb6ce213fb9","plot_tenure","cluster.plot.plot_landuse_tenure.plot_tenure","plot_landuse_tenure","Tenure","Propriété foncière","Tenencia","","","","code","false","ownership","",NA,"","false","false","",NA,"false","false","false","false","","false","","","","false","false","false",NA,NA,"",NA,NA,NA,"1,2"
"fca92903-4910-4ef0-806e-9efb661f772a","plot_mgmt_plan","cluster.plot.plot_landuse_tenure.plot_mgmt_plan","plot_landuse_tenure","Formal management plan present?","Un plan de gestion formel est-il présent?","¿Existe un Plan de Gestión/manejo forestal ?","recorded only in Forest Land","","","code","false","notknown_yes_no","",NA,"","false","false","",NA,"false","false","false","false","plot_landuse=='1'
","false","","","","false","false","false",NA,NA,"",NA,NA,NA,"1,2"
"a61d552e-998e-4ba8-b714-a1b15b0b0a56","plot_grazing","cluster.plot.plot_landuse_tenure.plot_grazing","plot_landuse_tenure","Grazing intensity","Intensité du pâturage","Intensidad de pastoreo","recorded only in Forest Land","","","code","false","grazing_intensity","",NA,"","false","false","",NA,"false","false","false","false","plot_landuse=='1'
","false","","","","false","false","false",NA,NA,"",NA,NA,NA,"1,2"
"deaf8827-099e-4d73-87ee-4b5675f0ef3f","plot_livestock","cluster.plot.plot_landuse_tenure.plot_livestock","plot_landuse_tenure","Livestock Management","Gestion du bétail","Gestión-manejo del ganado","recorded only in Forest Land","","","code","false","livestck_mngmt_code","",NA,"","false","false","",NA,"false","false","false","false","plot_landuse=='1'
","false","","","","false","false","false",NA,NA,"",NA,NA,NA,"1,2"
"b4b986b7-b73a-4be3-adbf-ac12df5b5d0e","canopy_closure_no","cluster.plot.plot_canopy.canopy_closure_no","plot_canopy","No.","Nbre","Nro.","","","","integer","true","","",NA,"","false","false","",NA,"false","false","false","false","","false","","index(plot_canopy) + 1
","","false","true","false",NA,NA,"",NA,NA,NA,"1,2"
"ede34c8a-3188-4261-83bb-bc1441a5d684","canopy_closure_direction","cluster.plot.plot_canopy.canopy_closure_direction","plot_canopy","Location","Emplacement","Ubicación","","","","text","false","","",NA,"","false","true","",NA,"false","false","false","false","","false","","""Center""; ""North""; ""East""; ""South""; ""West""","index(plot_canopy) + 1==1
; index(plot_canopy) + 1==2
; index(plot_canopy) + 1==3
; index(plot_canopy) + 1==4
; index(plot_canopy) + 1==5
","false","false","false",NA,NA,"",NA,NA,NA,"1,2"
"ff2a551a-8de9-460d-aca9-a4918232da88","canopy_closure","cluster.plot.plot_canopy.canopy_closure","plot_canopy","Reading (0-24)","Lecture (0-24)","Lectura (0-24)","Number of filled densiometer squares covered by the canopy. If the measuring point is inaccessible, leave this blank. A total of 24 squares. A square is 4%.","","","integer","false","","",NA,"","false","false","",NA,"false","false","false","false","","false","","","","false","false","false",NA,NA,"(error) Expression: canopy_closure <= 24 && canopy_closure >= 0",NA,NA,NA,"1,2"
"f0674bae-ffe7-4827-aa7b-ab9cc403e865","canopy_photo","cluster.plot.plot_canopy.canopy_photo","plot_canopy","Canopy Photo","Photo  de la canopée","Foto del dosel","Spherical image (optional)","","","file","false","","",NA,"","false","false","image",10,"false","false","false","false","","false","","","","false","false","false",NA,NA,"",NA,NA,NA,"1,2"
"008a0436-c070-457b-95c6-532a0dac8e0b","disturbance_no","cluster.plot.plot_disturbance.disturbance_no","plot_disturbance","No.","Nbre","Nro.","","","","integer","true","","",NA,"","false","false","",NA,"false","false","false","false","","false","","index(plot_disturbance) + 1
","","false","true","false",NA,NA,"",NA,NA,NA,"1,2"
"90a545ca-5878-44fc-abd1-e21c427d6fb2","disturbance_type_main","cluster.plot.plot_disturbance.disturbance_type_main","plot_disturbance","Main Type","Type principal","Tipo principal","","","","code","false","disturbance_main_type","",NA,"","false","false","",NA,"false","false","false","false","","false","","","","false","true","false",NA,NA,"(error) Expression: count(plot.plot_disturbance[disturbance_type_main=='H'])<=2 - Apply if: count(plot.plot_disturbance)>2
(error) Expression: count(plot.plot_disturbance[disturbance_type_main=='N'])<=2 - Apply if: count(plot.plot_disturbance)>2",NA,NA,NA,"1,2"
"3b163ab3-ea06-43b0-b7d4-687cab17f391","disturbance_type","cluster.plot.plot_disturbance.disturbance_type","plot_disturbance","Type","Type","Tipo","","","","code","false","disturbance_type","",NA,"","false","false","",NA,"false","false","false","false","","false","","","","false","true","false",NA,NA,"",NA,NA,NA,"1,2"
"5371e5b9-4bc6-4fe6-8776-373dc3bcb517","disturbance_impact","cluster.plot.plot_disturbance.disturbance_impact","plot_disturbance","Impact","Impact","Impacto","","","","code","false","low_medium_high","",NA,"","false","false","",NA,"false","false","false","false","","false","","","","false","true","false",NA,NA,"",NA,NA,NA,"1,2"
"18c2720c-4aec-4a0b-a51b-d84d9df174d2","disturbance_years_ago","cluster.plot.plot_disturbance.disturbance_years_ago","plot_disturbance","Years ago (unknown: -1)","Années passées (inconnu : -1)","Años pasados (desconocido: -1)","If not known, type -1","","","decimal","false","","",NA,"","false","false","",NA,"false","false","false","false","","false","","","","false","false","false",NA,NA,"(error) Expression: disturbance_years_ago <= 30 && disturbance_years_ago >= -1",NA,NA,NA,"1,2"
"6c210581-bf56-42fe-9cea-2e0951b1f382","disturbance_remark","cluster.plot.plot_disturbance.disturbance_remark","plot_disturbance","Remarks","Remarques","Observaciones","","","","text","false","","",NA,"","false","false","",NA,"false","false","false","false","","false","","","","false","false","false",NA,NA,"",NA,NA,NA,"1,2"
"c3d61237-d9d6-486d-bb19-80c943c5731a","regeneration_no","cluster.plot.regeneration.regeneration_no","regeneration","No.","Nbre","Nro.","","","","integer","true","","",NA,"","false","false","",NA,"false","false","false","false","","false","","Math.max(plot.regeneration.regeneration_no) + 1
","","false","true","false",NA,NA,"",NA,NA,NA,"1,2"
"dca9e106-0d50-4ac0-b0e6-5e208197dc02","regeneration_location","cluster.plot.regeneration.regeneration_location","regeneration","Location","Emplacement","Ubicación","Subplot code","","","code","false","location","",NA,"","false","false","",NA,"false","false","false","false","","false","","","","false","true","false",NA,NA,"",NA,NA,NA,"1,2"
"3d49897d-ff4b-4359-bd64-8015b0333785","regeneration_species","cluster.plot.regeneration.regeneration_species","regeneration","Species","Espèce","Especie","","","","taxon","false","","",NA,"trees","false","false","",NA,"false","false","false","false","","false","","","","false","false","false",NA,NA,"",NA,NA,NA,"1,2"
"c88dcf83-5732-4595-9d9c-462d79ca2e09","regeneration_record_count","cluster.plot.regeneration.regeneration_record_count","regeneration","Count","Compter","Conteo","","","","integer","false","","",NA,"","false","false","",NA,"false","false","false","false","","false","","","","false","true","false",NA,NA,"",NA,NA,NA,"1,2"
"a2d97492-35a4-4af4-9010-a192a1c73723","tree_no","cluster.plot.tree.tree_no","tree","Tree No.","Arbre Nbre","Árbol Nro.","Tree number","","","integer","true","","",NA,"","false","false","",NA,"false","false","false","false","","false","","Math.max(plot.tree.tree_no) + 1
","","true","true","false",NA,NA,"",NA,NA,NA,"1,2"
"39635786-150a-4d47-829a-c20d8d57318d","tree_stem_multi","cluster.plot.tree.tree_stem_multi","tree","Multi-stem tree?","Individu à plusieurs tiges?","Individuos de múltiples tallos?","Only indicate yes, if multiple forks of the same tree will be measured.","","","boolean","false","","",NA,"","false","false","",NA,"false","false","false","false","","false","","""false""","","false","true","false",NA,NA,"",NA,NA,NA,"1,2"
"fbf396c8-0632-4ff4-9510-8861c401edac","tree_stem_no","cluster.plot.tree.tree_stem_no","tree","Stem No.","Tige Nbre","Fuste Nro.","In case of multi-stem tree, change this into KEY attribute.","","","integer","false","","",NA,"","false","false","",NA,"false","false","false","false","tree_stem_multi==true
","true","","","","false","true","false",NA,NA,"",NA,NA,NA,"1,2"
"1c62e41a-0ecd-439f-b551-cfd10397e06c","tree_sampletree","cluster.plot.tree.tree_sampletree","tree","Sample tree?","Arbre échantillonné?","Árbol muestreado?","Sample tree: top height and stump level diameter recorded","","","boolean","false","","",NA,"","false","false","",NA,"false","false","false","false","","false","","false","","true","true","false",NA,NA,"",NA,NA,NA,"1,2"
"4c9cbd82-b1fb-4693-a3ca-0bba0454c7bf","tree_azimuth","cluster.plot.tree.tree_azimuth","tree","Azimuth [deg]","Azimut [deg]","Azimut [deg]","Azimuth from plot center","Azimut par rapport au centre de la parcelle","Azimut desde el centro de parcela","integer","false","","",NA,"","false","false","",NA,"false","false","false","false","","false","","","","false","false","false",NA,NA,"(error) Expression: tree_azimuth < 360 && tree_azimuth >= 0",NA,NA,NA,"1,2"
"09f50352-e8ad-4af5-ad64-954717d7c85c","tree_distance","cluster.plot.tree.tree_distance","tree","Distance (m)","Distance (m) [m]","Distancia (m) [m]","Distance from plot center","Distance par rapport au centre de la parcelle","Distancia desde centro de parcela","decimal","false","","",NA,"","false","false","",NA,"false","false","false","false","","false","","","","false","false","false",NA,NA,"",NA,NA,NA,"1,2"
"5b4a3628-7e77-4514-b95c-260e682cef8c","tree_species","cluster.plot.tree.tree_species","tree","Species","Espèce","Especie","","","","taxon","false","","",NA,"trees","false","false","",NA,"false","false","false","false","","false","","","","false","true","false",NA,NA,"",NA,NA,NA,"1,2"
"010d2719-2864-4937-9340-4b4034b5eec4","tree_species_note","cluster.plot.tree.tree_species_note","tree","Species note","Espèces Remarque","Anotaciones sobre la especie","Addional information about species (optional)","","","text","false","","",NA,"","false","false","",NA,"false","false","false","false","","false","","","","false","false","false",NA,NA,"",NA,NA,NA,"1,2"
"3cd5df30-0aa1-4af6-8d44-6ee3892b8500","tree_dbh","cluster.plot.tree.tree_dbh","tree","DBH (cm)","DHP (cm)","DAP (cm)","Diameter (cm)","","","decimal","false","","",NA,"","false","false","",NA,"false","false","false","false","","false","","","","false","true","false",NA,NA,"(warning) Expression: this < 500",NA,NA,NA,"1,2"
"b318cdb9-7fae-4322-bbb0-b4484c7394b3","tree_dbh_is_13","cluster.plot.tree.tree_dbh_is_13","tree","DBH at Breast Height?","DHP à hauteur de poitrine?","DAP altura pecho?","DBH measurement at 1.3m?","","","boolean","false","","",NA,"","false","false","",NA,"false","false","false","false","","false","","""true""","","false","true","false",NA,NA,"",NA,NA,NA,"1,2"
"faad9116-1f96-4a65-86d7-76de49e28648","tree_pom","cluster.plot.tree.tree_pom","tree","POM height (m)","Hauteur au PDM (m)","Altura del punto de medición (m)","Point of Measurement for dbh (in meters)","PDM = Point de Mesure","","decimal","false","","",NA,"","false","false","",NA,"false","false","false","false","tree_dbh_is_13 == false
","false","","","","false","true","false",NA,NA,"(error) Expression: tree_pom > 0
(error) Expression: tree_pom != 1.3
(error) Expression: tree_pom < 10",NA,NA,NA,"1,2"
"d6d77875-2600-4d41-8605-946e2a9812f6","tree_health","cluster.plot.tree.tree_health","tree","Tree Health","Arbre en santé","Estado de salud del árbol","","","","code","false","tree_health","",NA,"","false","false","",NA,"false","false","false","false","","false","","","","false","true","false",NA,NA,"",NA,NA,NA,"1,2"
"77c51806-f2ef-4d55-898d-9310de6e1fda","tree_stem_form","cluster.plot.tree.tree_stem_form","tree","Stem Form","Forme de la tige","Forma del tallo","","","","code","false","stem_form","",NA,"","false","false","",NA,"false","false","false","false","tree_dbh >= 20 && tree_health!='6'
","false","","","","false","false","false",NA,NA,"",NA,NA,NA,"1,2"
"e7b5f9cc-3434-42bd-8c49-3b0825d27cf0","tree_origin","cluster.plot.tree.tree_origin","tree","Origin","Origine","Origen","","","","code","false","tree_origin","",NA,"","false","false","",NA,"false","false","false","false","","false","","","","false","true","false",NA,NA,"",NA,NA,NA,"1,2"
"e647c4f5-2a1c-429d-acc8-f114be35bb6a","tree_height_bole","cluster.plot.tree.tree_height_bole","tree","Bole/Commercial height (m)","Hauteur du troc (m)","Altura del fuste/Comercial (m)","","","","decimal","false","","",NA,"","false","false","",NA,"false","false","false","false","","false","","","","false","false","false",NA,NA,"",NA,NA,NA,"1,2"
"115da1d8-ea46-4d11-8692-aa87757267cf","tree_height_canopy","cluster.plot.tree.tree_height_canopy","tree","Canopy height (m)","Hauteur de couvert (m)","Altura del dosel (m)","","","","decimal","false","","",NA,"","false","false","",NA,"false","false","false","false","tree_sampletree==true
","false","","","","false","false","false",NA,NA,"",NA,NA,NA,"1,2"
"646a8f61-cd28-458e-afac-ccaad6cfa892","tree_height_top","cluster.plot.tree.tree_height_top","tree","Total height (m)","Hauteur totale (m)","Altura total (m)","","","","decimal","false","","",NA,"","false","false","",NA,"false","false","false","false","tree_sampletree==true
","false","","","","false","false","false",NA,NA,"(error) Expression: tree_height_top <= 60 && tree_height_top >= 1.3",NA,NA,NA,"1,2"
"9c7269d6-ddcf-45b5-9863-4f8fbeca12db","tree_stump_diameter","cluster.plot.tree.tree_stump_diameter","tree","Stump Diameter (cm)","Diamètre  - souche (cm)","Diámetro del tocón (cm)","Stump height level diameter","","","decimal","false","","",NA,"","false","false","",NA,"false","false","false","false","tree_sampletree==true
","false","","","","false","false","false",NA,NA,"",NA,NA,NA,"1,2"
"b79cf14e-a85b-4934-9768-44b7d9c6a59d","tree_stump_height","cluster.plot.tree.tree_stump_height","tree","Stump level height (cm)","Hauteur  - souche (cm)","Altura del tocón (m)","","","","decimal","false","","",NA,"","false","false","",NA,"false","false","false","false","tree_sampletree==true
","false","","","","false","false","false",NA,NA,"",NA,NA,NA,"1,2"
"dfea1bd1-610d-4926-8d46-78e9127451e0","tree_specimen","cluster.plot.tree.tree_specimen","tree","Specimen taken?","Échantillon prélevé?","¿Muestra tomada?","","","","boolean","false","","",NA,"","false","false","",NA,"false","false","false","false","","false","","false","","true","true","false",NA,NA,"",NA,NA,NA,"1,2"
"74d61c21-a7aa-42eb-968b-a89280f3c9fc","tree_remark","cluster.plot.tree.tree_remark","tree","Remarks","Remarques","Observaciones","","","","text","false","","",NA,"","false","false","",NA,"false","false","false","false","","false","","","","false","false","false",NA,NA,"",NA,NA,NA,"1,2"
"47fdd836-c2f0-4438-86ef-056e172b88a1","stump_no","cluster.plot.stump.stump_no","stump","Stump number","Numéro de la souche","Número de tocón","","","","integer","true","","",NA,"","false","false","",NA,"false","false","false","false","","false","","Math.max(plot.stump.stump_no) + 1
","","false","true","false",NA,NA,"",NA,NA,NA,"1,2"
"8a8aee2c-8e71-4bdd-99fc-9258f6895ec2","stump_diameter","cluster.plot.stump.stump_diameter","stump","Diameter (cm)","Diamètre (cm)","Diámetro (cm)","","","","decimal","false","","",NA,"","false","false","",NA,"false","false","false","false","","false","","","","false","true","false",NA,NA,"(error) Expression: stump_diameter >= 10",NA,NA,NA,"1,2"
"2e88fe0a-dc1f-41a0-a118-77c0ff76a2f5","stump_height","cluster.plot.stump.stump_height","stump","Height (cm)","Taille (cm)","Altura (cm)","in centimeters","","","integer","false","","",NA,"","false","false","",NA,"false","false","false","false","","false","","","","false","true","false",NA,NA,"(error) Expression: stump_height <= 250 && stump_height >= 0",NA,NA,NA,"1,2"
"91b824b9-9376-4eed-b1e4-5440e2251286","stump_decay","cluster.plot.stump.stump_decay","stump","Decay","Pourriture","Descomposición","","","","code","false","deadwood_decay","",NA,"","false","false","",NA,"false","false","false","false","","false","","","","false","true","false",NA,NA,"",NA,NA,NA,"1,2"
"10b2a807-81f4-43a6-93c7-ea97310ee541","stump_remark","cluster.plot.stump.stump_remark","stump","Remarks","Remarques","Observaciones","","","","text","false","","",NA,"","false","false","",NA,"false","false","false","false","","false","","","","false","false","false",NA,NA,"",NA,NA,NA,"1,2"
"c5ef8d4e-e0d5-4edb-ba6f-1a9b69b7f621","dw_no","cluster.plot.deadwood_area.dw_no","deadwood_area","Number","Nombre","Número","","","","integer","true","","",NA,"","false","false","",NA,"false","false","false","false","","false","","Math.max(plot.deadwood_area.dw_no) + 1
","","false","true","false",NA,NA,"",NA,NA,NA,"1,2"
"1ef27be4-7df3-43d8-b5ea-4ccb3223bcc6","dw_diameter1","cluster.plot.deadwood_area.dw_diameter1","deadwood_area","Diam 1 (cm)","Diam 1 (cm)","Diám 1 (cm)","","","","decimal","false","","",NA,"","false","false","",NA,"false","false","false","false","","false","","","","false","true","false",NA,NA,"(error) Expression: dw_diameter1 >= 10
(error) Expression: dw_diameter1 < 200",NA,NA,NA,"1,2"
"a0b7ab09-afcd-446b-8c87-f0727ac93865","dw_diameter2","cluster.plot.deadwood_area.dw_diameter2","deadwood_area","Diam 2 (cm)","Diam 2 (cm)","Diám 2 (cm)","","","","decimal","false","","",NA,"","false","false","",NA,"false","false","false","false","","false","","","","false","true","false",NA,NA,"(error) Expression: dw_diameter2 >= 10",NA,NA,NA,"1,2"
"005f0621-267e-4337-a39e-871b1ecea74a","dw_length","cluster.plot.deadwood_area.dw_length","deadwood_area","Length [m]","Longueur [m]","Longitud [m]","","","","decimal","false","","",NA,"","false","false","",NA,"false","false","false","false","","false","","","","false","true","false",NA,NA,"(error) Expression: dw_length >= 1",NA,NA,NA,"1,2"
"24eecc28-5f23-402b-9603-a35667c6257b","dw_decay","cluster.plot.deadwood_area.dw_decay","deadwood_area","Decay","Pourriture","Descomposición","","","","code","false","deadwood_decay","",NA,"","false","false","",NA,"false","false","false","false","","false","","","","false","true","false",NA,NA,"",NA,NA,NA,"1,2"
"44e45c6e-00cb-4c0c-aaab-a474a06c8bd7","dw_record_count","cluster.plot.deadwood_area.dw_record_count","deadwood_area","Number of similar parts","Nombre de parties similaires","Número de partes similares","","","","integer","false","","",NA,"","false","false","",NA,"false","false","false","false","","false","","""1""","","false","false","false",NA,NA,"",NA,NA,NA,"1,2"
"532e802e-4156-463d-b6c1-6ec469421b59","bamboo_no","cluster.plot.bamboo.bamboo_no","bamboo","Number","Nombre","Número","","","","integer","true","","",NA,"","false","false","",NA,"false","false","false","false","","false","","Math.max(plot.bamboo.bamboo_no) + 1
","","false","true","false",NA,NA,"",NA,NA,NA,"1,2"
"a60089b5-7898-4a31-8268-274a6e20314a","bamboo_species","cluster.plot.bamboo.bamboo_species","bamboo","Species","Espèces","Especie","","","","taxon","false","","",NA,"bamboos","false","false","",NA,"false","false","false","false","","false","","","","false","true","false",NA,NA,"",NA,NA,NA,"1,2"
"74a0570a-fe0d-409e-a4fd-2ba99e550a46","bamboo_status","cluster.plot.bamboo.bamboo_status","bamboo","Bamboo Status","Le statut du bambou","Estatus del bambú","","","","code","false","tree_status","",NA,"","false","false","",NA,"false","false","false","false","","false","","","","false","true","false",NA,NA,"",NA,NA,NA,"1,2"
"451529b3-c47f-42e1-88c0-64b7134c5c30","bamboo_diameter","cluster.plot.bamboo.bamboo_diameter","bamboo","Average diameter (cm)","Diamètre moyen (cm)","Diámetro medio (cm)","","","","decimal","false","","",NA,"","false","false","",NA,"false","false","false","false","","false","","","","false","true","false",NA,NA,"(error) Expression: bamboo_diameter <= 20 && bamboo_diameter >= 2",NA,NA,NA,"1,2"
"6faa0172-b258-4fc0-9bf3-e6d0dc76e92f","bamboo_height","cluster.plot.bamboo.bamboo_height","bamboo","Aver. height (m)","Hauteur moyenne (m)","Altura media (m)","Average height in the clump (m)","","","decimal","false","","",NA,"","false","false","",NA,"false","false","false","false","","false","","","","false","true","false",NA,NA,"(error) Expression: bamboo_height <= 20 && bamboo_height >= 1.3",NA,NA,NA,"1,2"
"a879397f-747b-4ae0-b8c6-a95f3e61dafe","bamboo_record_count","cluster.plot.bamboo.bamboo_record_count","bamboo","Number of stems","Nombre de tiges","Número de tallos","","","","integer","false","","",NA,"","false","false","",NA,"false","false","false","false","","false","","","","false","true","false",NA,NA,"(error) Expression: bamboo_record_count <= 100 && bamboo_record_count >= 1",NA,NA,NA,"1,2"
"af39a221-3e5e-47a3-922f-e999c0e15d32","bamboo_remark","cluster.plot.bamboo.bamboo_remark","bamboo","Remarks","Remarques","Observaciones","","","","text","false","","",NA,"","false","false","",NA,"false","false","false","false","","false","","","","false","false","false",NA,NA,"",NA,NA,NA,"1,2"
"5420f6fb-c11e-454c-835c-3353a6d1c3b1","shrub_no","cluster.plot.shrub.shrub_no","shrub","No.","Nbre","Nro.","","","","integer","true","","",NA,"","false","false","",NA,"false","false","false","false","","false","","Math.max(plot.shrub.shrub_no) + 1
","","false","true","false",NA,NA,"",NA,NA,NA,"1,2"
"3da46861-c0bd-4d56-9eab-635e33646f79","shrub_species","cluster.plot.shrub.shrub_species","shrub","Species","Espèce","Especie","","","","taxon","false","","",NA,"shrubs","false","false","",NA,"false","false","false","false","","false","","","","false","true","false",NA,NA,"",NA,NA,NA,"1,2"
"c31e4ba7-dfcc-4505-89fe-d205052e2101","shrub_species_other","cluster.plot.shrub.shrub_species_other","shrub","Other or Unknown shrub","Autre ou Arbuste inconnu","Otro o arbusto desconocido","Give details","","","text","false","","",NA,"","false","false","",NA,"false","false","false","false","shrub_species=='UNK' || shrub_species=='UNL'
","false","","","","false","false","false",NA,NA,"",NA,NA,NA,"1,2"
"4af72cb1-7672-414c-94e4-7be962e0e780","shrub_species_coverage","cluster.plot.shrub.shrub_species_coverage","shrub","Shrub cover %","% de couverture d'arbustes","% cobertura arbustos","","","","code","false","coverage_10_class","",NA,"","false","false","",NA,"false","false","false","false","","false","","","","false","true","false",NA,NA,"",NA,NA,NA,"1,2"
"1dc1f667-a2b0-4947-b323-0f08093d49f9","shrub_diameter","cluster.plot.shrub.shrub_diameter","shrub","Diameter D30 (cm)","Diamètre D30 (cm)","Diámetro D30 (cm)","Diameter at the 30 cm level","","","decimal","false","","",NA,"","false","false","",NA,"false","false","false","false","","false","","","","false","false","false",NA,NA,"",NA,NA,NA,"1,2"
"a7b86483-c0f3-408c-86a7-27a2deb21eea","shrub_height_mean","cluster.plot.shrub.shrub_height_mean","shrub","Mean height (m)","Hauteur moyen (m)","Altura media (m)","","","","decimal","false","","",NA,"","false","false","",NA,"false","false","false","false","","false","","","","false","false","false",NA,NA,"",NA,NA,NA,"1,2"
"2021f9d0-47f1-46cd-9863-80e4ce5ab6e3","shrub_crown_diameter","cluster.plot.shrub.shrub_crown_diameter","shrub","Crown diameter (m)","Diamètre arbuste (m)","Diámetro arbusto (m)","","","","decimal","false","","",NA,"","false","false","",NA,"false","false","false","false","","false","","","","false","false","false",NA,NA,"",NA,NA,NA,"1,2"
"17904295-281b-4a33-a818-1f44ab1e2549","shrub_remark","cluster.plot.shrub.shrub_remark","shrub","Remarks","Remarques","Observaciones","","","","text","false","","",NA,"","false","false","",NA,"false","false","false","false","","false","","","","false","false","false",NA,NA,"",NA,NA,NA,"1,2"
"010621ba-6c82-43c8-b9a9-78a49ec490c1","plot_remark","cluster.plot.plot_end_data.plot_remark","plot_end_data","Remarks (Plot)","Remarques (Parcelle)","Notas (parcela)","","","","text","false","","",NA,"","false","false","",NA,"false","false","false","false","","false","","","","false","false","false",NA,NA,"",NA,NA,NA,"1,2"
"6c878c28-1453-4ac4-a7fe-973633a170f3","plot_date_end","cluster.plot.plot_end_data.plot_date_end","plot_end_data","End Date (plot)","Date de fin","Fecha de finalización","","","","date","false","","",NA,"","false","false","",NA,"false","false","false","false","plot.plot_accessibility=='0'
","false","","now()
","","false","true","false",NA,NA,"",NA,NA,NA,"1,2"
"4314635c-4d12-47c1-a4cc-4f32a90574ec","plot_time_end","cluster.plot.plot_end_data.plot_time_end","plot_end_data","End Time (plot)","Heure de fin","Hora de finalización","End time of measurement in the plot","","","time","false","","",NA,"","false","false","",NA,"false","false","false","false","plot.plot_accessibility=='0'
","false","","","","false","true","false",NA,NA,"",NA,NA,NA,"1,2"
